Question,Answer
Sample Question 1?,Sample Answer 1
Sample Question 2?,Sample Answer 2
Sample Question 3?,Sample Answer 3
Sample Question 4?,Sample Answer 4
Sample Question 5?,Sample Answer 5
Sample Question 6?,Sample Answer 6
Sample Question 7?,Sample Answer 7
Sample Question 8?,Sample Answer 8
Sample Question 9?,Sample Answer 9
Sample Question 10?,Sample Answer 10
Sample Question 11?,Sample Answer 11
Sample Question 12?,Sample Answer 12
Sample Question 13?,Sample Answer 13
Sample Question 14?,Sample Answer 14
Sample Question 15?,Sample Answer 15
Sample Question 16?,Sample Answer 16
Sample Question 17?,Sample Answer 17
Sample Question 18?,Sample Answer 18
Sample Question 19?,Sample Answer 19
Sample Question 20?,Sample Answer 20
Sample Question 21?,Sample Answer 21
Sample Question 22?,Sample Answer 22
Sample Question 23?,Sample Answer 23
Sample Question 24?,Sample Answer 24
Sample Question 25?,Sample Answer 25
Sample Question 26?,Sample Answer 26
Sample Question 27?,Sample Answer 27
Sample Question 28?,Sample Answer 28
Sample Question 29?,Sample Answer 29
Sample Question 30?,Sample Answer 30
Sample Question 31?,Sample Answer 31
Sample Question 32?,Sample Answer 32
Sample Question 33?,Sample Answer 33
Sample Question 34?,Sample Answer 34
Sample Question 35?,Sample Answer 35
Sample Question 36?,Sample Answer 36
Sample Question 37?,Sample Answer 37
Sample Question 38?,Sample Answer 38
Sample Question 39?,Sample Answer 39
Sample Question 40?,Sample Answer 40
Sample Question 41?,Sample Answer 41
Sample Question 42?,Sample Answer 42
Sample Question 43?,Sample Answer 43
Sample Question 44?,Sample Answer 44
Sample Question 45?,Sample Answer 45
Sample Question 46?,Sample Answer 46
Sample Question 47?,Sample Answer 47
Sample Question 48?,Sample Answer 48
Sample Question 49?,Sample Answer 49
Sample Question 50?,Sample Answer 50
Sample Question 51?,Sample Answer 51
Sample Question 52?,Sample Answer 52
Sample Question 53?,Sample Answer 53
Sample Question 54?,Sample Answer 54
Sample Question 55?,Sample Answer 55
Sample Question 56?,Sample Answer 56
Sample Question 57?,Sample Answer 57
Sample Question 58?,Sample Answer 58
Sample Question 59?,Sample Answer 59
Sample Question 60?,Sample Answer 60
Sample Question 61?,Sample Answer 61
Sample Question 62?,Sample Answer 62
Sample Question 63?,Sample Answer 63
Sample Question 64?,Sample Answer 64
Sample Question 65?,Sample Answer 65
Sample Question 66?,Sample Answer 66
Sample Question 67?,Sample Answer 67
Sample Question 68?,Sample Answer 68
Sample Question 69?,Sample Answer 69
Sample Question 70?,Sample Answer 70
Sample Question 71?,Sample Answer 71
Sample Question 72?,Sample Answer 72
Sample Question 73?,Sample Answer 73
Sample Question 74?,Sample Answer 74
Sample Question 75?,Sample Answer 75
Sample Question 76?,Sample Answer 76
Sample Question 77?,Sample Answer 77
Sample Question 78?,Sample Answer 78
Sample Question 79?,Sample Answer 79
Sample Question 80?,Sample Answer 80
Sample Question 81?,Sample Answer 81
Sample Question 82?,Sample Answer 82
Sample Question 83?,Sample Answer 83
Sample Question 84?,Sample Answer 84
Sample Question 85?,Sample Answer 85
Sample Question 86?,Sample Answer 86
Sample Question 87?,Sample Answer 87
Sample Question 88?,Sample Answer 88
Sample Question 89?,Sample Answer 89
Sample Question 90?,Sample Answer 90
Sample Question 91?,Sample Answer 91
Sample Question 92?,Sample Answer 92
Sample Question 93?,Sample Answer 93
Sample Question 94?,Sample Answer 94
Sample Question 95?,Sample Answer 95
Sample Question 96?,Sample Answer 96
Sample Question 97?,Sample Answer 97
Sample Question 98?,Sample Answer 98
Sample Question 99?,Sample Answer 99
Sample Question 100?,Sample Answer 100
